#chrom	start	end	name	strand	count_h	count_valid_h	percent_h	count_m	count_valid_m	percent_m
chr1	24735	33737	.	.	9	412	2.1844661	228	412	55.339806
chr1	131124	139563	.	.	42	1205	3.4854774	1130	1205	93.77593
chr1	195251	204121	.	.	6	414	1.4492754	186	414	44.927536
chr1	364792	386185	.	.	83	3054	2.7177472	2630	3054	86.11657
chr1	487107	495546	.	.	13	601	2.1630616	574	601	95.507484
chr1	593839	615269	.	.	169	6056	2.7906208	5608	6056	92.60238
chr1	774604	783167	.	.	20	1989	1.0055305	998	1989	50.175972
chr1	823036	832065	.	.	15	1153	1.3009541	399	1153	34.605377
chr1	849483	857831	.	.	27	1852	1.4578834	1762	1852	95.14039
chr1	862595	874248	.	.	70	3011	2.3248088	2063	3011	68.51544
chr1	900314	988547	.	.	1223	51459	2.3766494	28767	51459	55.902756
chr1	994007	1096350	.	.	1467	58546	2.505722	39950	58546	68.23694
chr1	1106664	1178765	.	.	1173	41239	2.844395	35516	41239	86.12236
chr1	1193447	1362851	.	.	2713	97432	2.784506	72464	97432	74.373924
chr1	1369760	1411555	.	.	332	21309	1.5580271	13352	21309	62.65897
chr1	1415779	1444204	.	.	389	14277	2.724662	10790	14277	75.5761
chr1	1450175	1489304	.	.	464	20185	2.2987368	15915	20185	78.84568
chr1	1505208	1545289	.	.	623	22060	2.8241162	18116	22060	82.12148
chr1	1550152	1565606	.	.	156	5084	3.06845	4668	5084	91.81747
chr1	1570102	1579367	.	.	63	3683	1.710562	1588	3683	43.117027
chr1	1594951	1604756	.	.	96	4388	2.187785	2393	4388	54.535095
chr1	1611073	1649234	.	.	661	24808	2.664463	20486	24808	82.5782
chr1	1654612	1680804	.	.	275	9846	2.7930124	8168	9846	82.95755
chr1	1688087	1728792	.	.	400	17885	2.236511	13966	17885	78.08778
chr1	1735317	1764624	.	.	349	18160	1.9218061	13268	18160	73.061676
chr1	1773955	1786702	.	.	116	5434	2.1347075	2944	5434	54.177402
